file_name,title,url,time
jaysonang - 5 Key Factors that Affect Singapores Property Prices,5 Key Factors that Affect Singapore’s Property Prices - Jayson Ang,https://jaysonang.com/2024/08/29/5-key-factors-that-affect-singapores-property-prices/,2024-08-29T00:11:33+00:00
darrenong - A Complete Guide to Buy A Property in Singapore,A Complete Guide to Buy A Property in Singapore in 2024,https://darrenong.sg/blog/a-complete-guide-to-buy-a-property-in-singapore/,2024-08-20T04:12:16+00:00
99.co - Housing types in Singapore,Housing types in Singapore - A comprehensive guide,https://www.99.co/singapore/insider/a-general-guide-to-types-of-housing-in-singapore/,2022-08-08T08:35:00+00:00
singstat - Singapore Standard Classification of Type and Dwelling,Singapore Department of Statistics | Singapore Standard Classification of Type and Dwelling,https://www.singstat.gov.sg/-/media/files/standards_and_classifications/sctd.ashx,""
Stackedhomes 8@BT Condo Review,8@BT Condo Review: Good Layouts For An Own Stay Home In A Convenient Location,https://stackedhomes.com/editorial/8bt-condo-review/,2024-09-10T13:32:03+00:00
singsaver-how-to-buy-a-house-in-singapore,How To Buy A House In Singapore: A Complete Guide (2023) | SingSaver,https://www.singsaver.com.sg/blog/how-to-buy-a-house-in-singapore,2022-09-30T06:47:00.000Z
sg-home-investment-8bt-condo-review-capitalise-on-beauty-worlds-transformation,8@BT Condo Review: Capitalise on Beauty World's Transformation | Sg Home Investment,https://sghomeinvestment.com/8bt-condo-review-capitalise-on-beauty-worlds-transformation/,2024-09-23T14:27:13+08:00
rently What To Know Before Bbuying Rental Property Key Considerations,Rently | What To Know Before Bbuying Rental Property Key Considerations,https://www.rently.sg/blog/what-to-know-before-bbuying-rental-property-key-considerations,""
sghomeinvestment Buying a Property in Singapore,Buying a Property in Singapore - Some Important Factors to Consider and Look Out For.,https://sghomeinvestment.com/buying-a-property-in-singapore-factors-to-consider/,2023-03-30T23:51:37+08:00
quickcredit Things to Consider When Buying a House in Singapore,Things to Consider When Buying a House in Singapore - Quick Credit® | Licensed Money Lender in Singapore & Jurong | 24 Hours Fast Cash Loan,https://quickcredit.com.sg/things-to-consider-when-buying-a-house-in-singapore/,2024-03-18T15:15:56+08:00
8at-BT Bukit Timah Link,Home - 8@BT™ - Bukit Timah Link (Updated - 2024),https://8at-bt.com.sg/,""
plbinsights - Understanding singapore property types.,Understanding The Different Property Types In Singapore - Insights by PropertyLimBrothers,https://plbinsights.com/understanding-the-different-property-types-in-singapore/,2023-08-15T22:00:00+00:00
rently SG what to know,What to Know Before Buying Rental Property: Key Considerations,https://www.rently.sg/blog/what-to-know-before-buying-rental-property-key-considerations,"May 24, 2024"
bukitsembawang - 8@BT,8@BT | Highly Exclusive Residences in Bukit Timah,https://www.bukitsembawang.sg/8atbt,""
ura urban redevlopment authority,Urban Redevelopment Authority,https://www.ura.gov.sg/Corporate/Property/Residential/Buying-Property,""
mingproperty - buying-property-in-Singapore,What you need to consider when buying property in Singapore | Ming Property Singapore,https://www.mingproperty.sg/property-buying-considerations/,2015-08-16T17:28:42+00:00
8-atbt ShowFlat Update,8@BT © Official | ShowFlat 6100 1914 | Update 2024,https://8-atbt.com.sg/,""
propertyreviewsg - 8-At-BT,8@BT | Bukit Sembawang | New Launch Sep 2024! | Tel 61008108,https://propertyreviewsg.com/8-at-bt/,2021-01-12T11:25:08+08:00
StackedHomes - Should You Buy 8@BT?,Should You Buy 8@BT? A Pricing Review Comparison With The Reserve Residences And The Linq @ Beauty World,https://stackedhomes.com/editorial/should-you-buy-8bt-a-pricing-review-comparison-with-the-reserve-residences-and-the-linq-beauty-world/,2024-09-17T13:46:01+00:00
newlaunchesreview - 8bt,8@BT - New Launches Review,https://www.newlaunchesreview.com/8bt/,2024-08-31T06:08:25+00:00
primior robot challenge,Robot Challenge Screen,https://primior.com/importance-of-accessibility-how-location-affects-property-value/,""
redbrick - private property in singapore,Different Types Of Private And Landed Property In Singapore,https://www.redbrick.sg/blog/what-are-the-different-types-of-private-and-landed-property-in-singapore/,""
nizezanizam 4 Essential Factors To Consider Before Buying Property,4 Essential Factors To Consider Before Buying Property,https://www.neezanizam.com/property-nuggets/4-essential-factors-to-consider-before-buying-property,2024-05-21T17:22:56+0800
odintax buying-a-house-in-singapore,10 Things You Must Know Before Buying a House in Singapore as an Expat,https://www.odintax.com/resources/buying-a-house-in-singapore/,2023-06-05T14:36:35+10:00
wisemove-housing-in-Singapore,Types of Housing in Singapore,https://www.wisemove.sg/post/types-of-housing-in-singapore,""
propertyreviewsg 8-at-bt-factsheet,8@BT Factsheet | Bukit Sembawang | Call 61008108 For Info!,https://propertyreviewsg.com/8-at-bt-factsheet/,2024-09-09T21:00:57+08:00
